iteration_count,per_iteration_count,prover_time,verifier_time
120,1,71.309186774s,263.608988ms
60,2,60.127530781s,463.162481ms
40,3,52.164369497s,671.983056ms
30,4,54.131651799s,878.674828ms
24,5,56.433211616s,1.111124065s
