iteration_count,per_iteration_count,prover_time,verifier_time
60,2,62.9595154s,555.845308ms
40,3,66.785411984s,818.208133ms
30,4,59.006497721s,968.347519ms
24,5,57.679801354s,1.237864351s
