iteration_count,per_iteration_count,prover_time,verifier_time
120,1,55.385328292s,214.435377ms
60,2,49.05568792s,434.960619ms
40,3,42.080714823s,509.038888ms
30,4,45.407602287s,923.23241ms
24,5,48.438942637s,991.893288ms
